<?xml version="1.0" encoding="UTF-8"?>
<?mso-application progid="Excel.Sheet"?>
<Workbook xmlns="urn:schemas-microsoft-com:office:spreadsheet"
xmlns:o="urn:schemas-microsoft-com:office:office"
xmlns:x="urn:schemas-microsoft-com:office:excel"
xmlns:ss="urn:schemas-microsoft-com:office:spreadsheet"
xmlns:html="http://www.w3.org/TR/REC-html40">
<Worksheet ss:Name="Table1">
	<Table>
		<Column ss:Index="2" ss:AutoFitWidth="0" ss:Width="110"/>
		<Column ss:Index="3" ss:AutoFitWidth="0" ss:Width="110"/>
		<Column ss:Index="4" ss:AutoFitWidth="0" ss:Width="110"/>
		<Column ss:Index="10" ss:AutoFitWidth="0" ss:Width="110"/>
		<Row>
			<Cell><Data ss:Type="String">book_id</Data></Cell>
			<Cell><Data ss:Type="String">title</Data></Cell>
			<Cell><Data ss:Type="String">translator</Data></Cell>
			<Cell><Data ss:Type="String">publisher</Data></Cell>
			<Cell><Data ss:Type="String">year_published</Data></Cell>
			<Cell><Data ss:Type="String">num_pages</Data></Cell>
			<Cell><Data ss:Type="String">weight</Data></Cell>
			<Cell><Data ss:Type="String">conditions</Data></Cell>
			<Cell><Data ss:Type="String">edition</Data></Cell>
			<Cell><Data ss:Type="String">date_added_to_stock</Data></Cell>
			<Cell><Data ss:Type="String">copies_sold</Data></Cell>
			<Cell><Data ss:Type="String">location_id</Data></Cell>
		</Row>

		<Row>
			<Cell><Data ss:Type="Number">1</Data></Cell>
			<Cell><Data ss:Type="String">object oriented</Data></Cell>
			<Cell><Data ss:Type="String">roee leon</Data></Cell>
			<Cell><Data ss:Type="String">zoom</Data></Cell>
			<Cell><Data ss:Type="Number">2020</Data></Cell>
			<Cell><Data ss:Type="Number">200</Data></Cell>
			<Cell><Data ss:Type="Number">3</Data></Cell>
			<Cell><Data ss:Type="Number">1</Data></Cell>
			<Cell><Data ss:Type="Number">1</Data></Cell>
			<Cell><Data ss:Type="String">2020-01-01</Data></Cell>
			<Cell><Data ss:Type="Number">180</Data></Cell>
			<Cell><Data ss:Type="Number">1</Data></Cell>
		</Row>
		<Row>
			<Cell><Data ss:Type="Number">2</Data></Cell>
			<Cell><Data ss:Type="String">Harry Potter</Data></Cell>
			<Cell><Data ss:Type="String">j k rolling</Data></Cell>
			<Cell><Data ss:Type="String">stimatski</Data></Cell>
			<Cell><Data ss:Type="Number">1999</Data></Cell>
			<Cell><Data ss:Type="Number">400</Data></Cell>
			<Cell><Data ss:Type="Number">2</Data></Cell>
			<Cell><Data ss:Type="Number">1</Data></Cell>
			<Cell><Data ss:Type="Number">1</Data></Cell>
			<Cell><Data ss:Type="String">2000-01-01</Data></Cell>
			<Cell><Data ss:Type="Number">100</Data></Cell>
			<Cell><Data ss:Type="Number">1</Data></Cell>
		</Row>
		<Row>
			<Cell><Data ss:Type="Number">3</Data></Cell>
			<Cell><Data ss:Type="String">Harry Potter</Data></Cell>
			<Cell><Data ss:Type="String">avi nusbaum</Data></Cell>
			<Cell><Data ss:Type="String">stimatski</Data></Cell>
			<Cell><Data ss:Type="Number">2001</Data></Cell>
			<Cell><Data ss:Type="Number">450</Data></Cell>
			<Cell><Data ss:Type="Number">3</Data></Cell>
			<Cell><Data ss:Type="Number">1</Data></Cell>
			<Cell><Data ss:Type="Number">1</Data></Cell>
			<Cell><Data ss:Type="String">2002-01-01</Data></Cell>
			<Cell><Data ss:Type="Number">50</Data></Cell>
			<Cell><Data ss:Type="Number">2</Data></Cell>
		</Row>
		<Row>
			<Cell><Data ss:Type="Number">4</Data></Cell>
			<Cell><Data ss:Type="String">Harry Potter</Data></Cell>
			<Cell><Data ss:Type="String">ayub kara</Data></Cell>
			<Cell><Data ss:Type="String">masada</Data></Cell>
			<Cell><Data ss:Type="Number">2003</Data></Cell>
			<Cell><Data ss:Type="Number">350</Data></Cell>
			<Cell><Data ss:Type="Number">2</Data></Cell>
			<Cell><Data ss:Type="Number">1</Data></Cell>
			<Cell><Data ss:Type="Number">1</Data></Cell>
			<Cell><Data ss:Type="String">2004-01-01</Data></Cell>
			<Cell><Data ss:Type="Number">40</Data></Cell>
			<Cell><Data ss:Type="Number">1</Data></Cell>
		</Row>
		<Row>
			<Cell><Data ss:Type="Number">5</Data></Cell>
			<Cell><Data ss:Type="String">Pokemon - the book</Data></Cell>
			<Cell><Data ss:Type="String">yushimoto nigiri</Data></Cell>
			<Cell><Data ss:Type="String">mitsubishi</Data></Cell>
			<Cell><Data ss:Type="Number">2005</Data></Cell>
			<Cell><Data ss:Type="Number">500</Data></Cell>
			<Cell><Data ss:Type="Number">4</Data></Cell>
			<Cell><Data ss:Type="Number">1</Data></Cell>
			<Cell><Data ss:Type="Number">1</Data></Cell>
			<Cell><Data ss:Type="String">2005-02-05</Data></Cell>
			<Cell><Data ss:Type="Number">200</Data></Cell>
			<Cell><Data ss:Type="Number">2</Data></Cell>
		</Row>
		<Row>
			<Cell><Data ss:Type="Number">6</Data></Cell>
			<Cell><Data ss:Type="String">Pokemon - the book</Data></Cell>
			<Cell><Data ss:Type="String">erez tal</Data></Cell>
			<Cell><Data ss:Type="String">keshet</Data></Cell>
			<Cell><Data ss:Type="Number">2007</Data></Cell>
			<Cell><Data ss:Type="Number">700</Data></Cell>
			<Cell><Data ss:Type="Number">5</Data></Cell>
			<Cell><Data ss:Type="Number">1</Data></Cell>
			<Cell><Data ss:Type="Number">2</Data></Cell>
			<Cell><Data ss:Type="String">2008-03-10</Data></Cell>
			<Cell><Data ss:Type="Number">150</Data></Cell>
			<Cell><Data ss:Type="Number">2</Data></Cell>
		</Row>
		<Row>
			<Cell><Data ss:Type="Number">7</Data></Cell>
			<Cell><Data ss:Type="String"> introductin to algoritems </Data></Cell>
			<Cell><Data ss:Type="String">avivit levi</Data></Cell>
			<Cell><Data ss:Type="String">software</Data></Cell>
			<Cell><Data ss:Type="Number">2017</Data></Cell>
			<Cell><Data ss:Type="Number">200</Data></Cell>
			<Cell><Data ss:Type="Number">3</Data></Cell>
			<Cell><Data ss:Type="Number">1</Data></Cell>
			<Cell><Data ss:Type="Number">1</Data></Cell>
			<Cell><Data ss:Type="String">2018-10-30</Data></Cell>
			<Cell><Data ss:Type="Number">300</Data></Cell>
			<Cell><Data ss:Type="Number">1</Data></Cell>
		</Row>
		<Row>
			<Cell><Data ss:Type="Number">8</Data></Cell>
			<Cell><Data ss:Type="String">c programing </Data></Cell>
			<Cell><Data ss:Type="String">marcelo shichman</Data></Cell>
			<Cell><Data ss:Type="String">shenkar</Data></Cell>
			<Cell><Data ss:Type="Number">2018</Data></Cell>
			<Cell><Data ss:Type="Number">300</Data></Cell>
			<Cell><Data ss:Type="Number">4</Data></Cell>
			<Cell><Data ss:Type="Number">1</Data></Cell>
			<Cell><Data ss:Type="Number">1</Data></Cell>
			<Cell><Data ss:Type="String">2019-03-09</Data></Cell>
			<Cell><Data ss:Type="Number">250</Data></Cell>
			<Cell><Data ss:Type="Number">1</Data></Cell>
		</Row>
		<Row>
			<Cell><Data ss:Type="Number">9</Data></Cell>
			<Cell><Data ss:Type="String">file systems</Data></Cell>
			<Cell><Data ss:Type="String">itshak nudler</Data></Cell>
			<Cell><Data ss:Type="String">shenkar</Data></Cell>
			<Cell><Data ss:Type="Number">2018</Data></Cell>
			<Cell><Data ss:Type="Number">400</Data></Cell>
			<Cell><Data ss:Type="Number">5</Data></Cell>
			<Cell><Data ss:Type="Number">1</Data></Cell>
			<Cell><Data ss:Type="Number">1</Data></Cell>
			<Cell><Data ss:Type="String">2018-11-01</Data></Cell>
			<Cell><Data ss:Type="Number">130</Data></Cell>
			<Cell><Data ss:Type="Number">1</Data></Cell>
		</Row>
		<Row>
			<Cell><Data ss:Type="Number">10</Data></Cell>
			<Cell><Data ss:Type="String">mano</Data></Cell>
			<Cell><Data ss:Type="String">igal hofner</Data></Cell>
			<Cell><Data ss:Type="String">shenkar</Data></Cell>
			<Cell><Data ss:Type="Number">2016</Data></Cell>
			<Cell><Data ss:Type="Number">150</Data></Cell>
			<Cell><Data ss:Type="Number">1</Data></Cell>
			<Cell><Data ss:Type="Number">1</Data></Cell>
			<Cell><Data ss:Type="Number">2</Data></Cell>
			<Cell><Data ss:Type="String">2016-05-30</Data></Cell>
			<Cell><Data ss:Type="Number">90</Data></Cell>
			<Cell><Data ss:Type="Number">1</Data></Cell>
		</Row>
		<Row>
			<Cell><Data ss:Type="Number">11</Data></Cell>
			<Cell><Data ss:Type="String">27 ways to make a man say no</Data></Cell>
			<Cell><Data ss:Type="String">loli luli</Data></Cell>
			<Cell><Data ss:Type="String">shenkar</Data></Cell>
			<Cell><Data ss:Type="Number">2014</Data></Cell>
			<Cell><Data ss:Type="Number">206</Data></Cell>
			<Cell><Data ss:Type="Number">3</Data></Cell>
			<Cell><Data ss:Type="Number">2</Data></Cell>
			<Cell><Data ss:Type="Number">2</Data></Cell>
			<Cell><Data ss:Type="String">2018-11-05</Data></Cell>
			<Cell><Data ss:Type="Number">3</Data></Cell>
			<Cell><Data ss:Type="Number">1</Data></Cell>
		</Row>	</Table>
</Worksheet>
</Workbook>
