<?xml version="1.0" encoding="UTF-8"?>
<?mso-application progid="Excel.Sheet"?>
<Workbook xmlns="urn:schemas-microsoft-com:office:spreadsheet"
xmlns:o="urn:schemas-microsoft-com:office:office"
xmlns:x="urn:schemas-microsoft-com:office:excel"
xmlns:ss="urn:schemas-microsoft-com:office:spreadsheet"
xmlns:html="http://www.w3.org/TR/REC-html40">
<Worksheet ss:Name="Table1">
	<Table>
		<Column ss:Index="2" ss:AutoFitWidth="0" ss:Width="110"/>
		<Row>
			<Cell><Data ss:Type="String">bookConditions_id</Data></Cell>
			<Cell><Data ss:Type="String">conditions</Data></Cell>
		</Row>

		<Row>
			<Cell><Data ss:Type="Number">1</Data></Cell>
			<Cell><Data ss:Type="String">new</Data></Cell>
		</Row>
		<Row>
			<Cell><Data ss:Type="Number">2</Data></Cell>
			<Cell><Data ss:Type="String">as new</Data></Cell>
		</Row>
		<Row>
			<Cell><Data ss:Type="Number">3</Data></Cell>
			<Cell><Data ss:Type="String">good</Data></Cell>
		</Row>
		<Row>
			<Cell><Data ss:Type="Number">4</Data></Cell>
			<Cell><Data ss:Type="String">ok</Data></Cell>
		</Row>
		<Row>
			<Cell><Data ss:Type="Number">5</Data></Cell>
			<Cell><Data ss:Type="String">bad</Data></Cell>
		</Row>	</Table>
</Worksheet>
</Workbook>
