<?xml version="1.0" encoding="UTF-8"?>
<?mso-application progid="Excel.Sheet"?>
<Workbook xmlns="urn:schemas-microsoft-com:office:spreadsheet"
xmlns:o="urn:schemas-microsoft-com:office:office"
xmlns:x="urn:schemas-microsoft-com:office:excel"
xmlns:ss="urn:schemas-microsoft-com:office:spreadsheet"
xmlns:html="http://www.w3.org/TR/REC-html40">
<Worksheet ss:Name="Table1">
	<Table>
		<Column ss:Index="2" ss:AutoFitWidth="0" ss:Width="110"/>
		<Column ss:Index="3" ss:AutoFitWidth="0" ss:Width="110"/>
		<Column ss:Index="4" ss:AutoFitWidth="0" ss:Width="110"/>
		<Column ss:Index="5" ss:AutoFitWidth="0" ss:Width="110"/>
		<Column ss:Index="6" ss:AutoFitWidth="0" ss:Width="110"/>
		<Column ss:Index="7" ss:AutoFitWidth="0" ss:Width="110"/>
		<Row>
			<Cell><Data ss:Type="String">customer_id</Data></Cell>
			<Cell><Data ss:Type="String">first_name</Data></Cell>
			<Cell><Data ss:Type="String">last_name</Data></Cell>
			<Cell><Data ss:Type="String">address</Data></Cell>
			<Cell><Data ss:Type="String">cell_phone</Data></Cell>
			<Cell><Data ss:Type="String">home_phone</Data></Cell>
			<Cell><Data ss:Type="String">customer_date</Data></Cell>
		</Row>

		<Row>
			<Cell><Data ss:Type="Number">1</Data></Cell>
			<Cell><Data ss:Type="String">felix</Data></Cell>
			<Cell><Data ss:Type="String">ts</Data></Cell>
			<Cell><Data ss:Type="String">fainshtein 11</Data></Cell>
			<Cell><Data ss:Type="String">054-4444444</Data></Cell>
			<Cell><Data ss:Type="String">03-9555555</Data></Cell>
			<Cell><Data ss:Type="String">2020-01-01</Data></Cell>
		</Row>
		<Row>
			<Cell><Data ss:Type="Number">2</Data></Cell>
			<Cell><Data ss:Type="String">david</Data></Cell>
			<Cell><Data ss:Type="String">dotan</Data></Cell>
			<Cell><Data ss:Type="String">rotshild 10</Data></Cell>
			<Cell><Data ss:Type="String">053-3333333</Data></Cell>
			<Cell><Data ss:Type="String">03-6444444</Data></Cell>
			<Cell><Data ss:Type="String">2019-01-01</Data></Cell>
		</Row>
		<Row>
			<Cell><Data ss:Type="Number">3</Data></Cell>
			<Cell><Data ss:Type="String">moshe</Data></Cell>
			<Cell><Data ss:Type="String">cohen</Data></Cell>
			<Cell><Data ss:Type="String">herzel 2</Data></Cell>
			<Cell><Data ss:Type="String">052-4567892</Data></Cell>
			<Cell><Data ss:Type="String">03-456789</Data></Cell>
			<Cell><Data ss:Type="String">2018-08-01</Data></Cell>
		</Row>
		<Row>
			<Cell><Data ss:Type="Number">4</Data></Cell>
			<Cell><Data ss:Type="String">dani</Data></Cell>
			<Cell><Data ss:Type="String">levi</Data></Cell>
			<Cell><Data ss:Type="String">tapuh 5</Data></Cell>
			<Cell><Data ss:Type="String">052-2345161</Data></Cell>
			<Cell><Data ss:Type="String">03-3456776</Data></Cell>
			<Cell><Data ss:Type="String">2020-07-01</Data></Cell>
		</Row>
		<Row>
			<Cell><Data ss:Type="Number">5</Data></Cell>
			<Cell><Data ss:Type="String">naftali</Data></Cell>
			<Cell><Data ss:Type="String">benet</Data></Cell>
			<Cell><Data ss:Type="String">zvi 8</Data></Cell>
			<Cell><Data ss:Type="String">052-2345455</Data></Cell>
			<Cell><Data ss:Type="String">03-3456667</Data></Cell>
			<Cell><Data ss:Type="String">2017-06-01</Data></Cell>
		</Row>
		<Row>
			<Cell><Data ss:Type="Number">6</Data></Cell>
			<Cell><Data ss:Type="String">arye</Data></Cell>
			<Cell><Data ss:Type="String">deri</Data></Cell>
			<Cell><Data ss:Type="String">tuki 3</Data></Cell>
			<Cell><Data ss:Type="String">052-3425564</Data></Cell>
			<Cell><Data ss:Type="String">03-1234443</Data></Cell>
			<Cell><Data ss:Type="String">2015-05-01</Data></Cell>
		</Row>
		<Row>
			<Cell><Data ss:Type="Number">7</Data></Cell>
			<Cell><Data ss:Type="String">chiko</Data></Cell>
			<Cell><Data ss:Type="String">vediko</Data></Cell>
			<Cell><Data ss:Type="String">yordey hasira 2716</Data></Cell>
			<Cell><Data ss:Type="String">055-5151515</Data></Cell>
			<Cell><Data ss:Type="String">03-8881777</Data></Cell>
			<Cell><Data ss:Type="String">2014-05-01</Data></Cell>
		</Row>
		<Row>
			<Cell><Data ss:Type="Number">8</Data></Cell>
			<Cell><Data ss:Type="String">baruch</Data></Cell>
			<Cell><Data ss:Type="String">hanegbi</Data></Cell>
			<Cell><Data ss:Type="String">maalot</Data></Cell>
			<Cell><Data ss:Type="String">055-8881718</Data></Cell>
			<Cell><Data ss:Type="String">04-8268132</Data></Cell>
			<Cell><Data ss:Type="String">2010-01-01</Data></Cell>
		</Row>
		<Row>
			<Cell><Data ss:Type="Number">9</Data></Cell>
			<Cell><Data ss:Type="String">michal</Data></Cell>
			<Cell><Data ss:Type="String">harel</Data></Cell>
			<Cell><Data ss:Type="String">haifa</Data></Cell>
			<Cell><Data ss:Type="String">051-3333333</Data></Cell>
			<Cell><Data ss:Type="String">06-8278827</Data></Cell>
			<Cell><Data ss:Type="String">2019-08-22</Data></Cell>
		</Row>
		<Row>
			<Cell><Data ss:Type="Number">10</Data></Cell>
			<Cell><Data ss:Type="String">viktor</Data></Cell>
			<Cell><Data ss:Type="String">hason</Data></Cell>
			<Cell><Data ss:Type="String">gival halfon 101</Data></Cell>
			<Cell><Data ss:Type="String">050-9999999</Data></Cell>
			<Cell><Data ss:Type="String">02-1234567</Data></Cell>
			<Cell><Data ss:Type="String">2007-12-28</Data></Cell>
		</Row>
		<Row>
			<Cell><Data ss:Type="Number">11</Data></Cell>
			<Cell><Data ss:Type="String">sergio</Data></Cell>
			<Cell><Data ss:Type="String">constanza</Data></Cell>
			<Cell><Data ss:Type="String">jeneva</Data></Cell>
			<Cell><Data ss:Type="String">000-0000000</Data></Cell>
			<Cell><Data ss:Type="String">08-8888888</Data></Cell>
			<Cell><Data ss:Type="String">2019-03-19</Data></Cell>
		</Row>
		<Row>
			<Cell><Data ss:Type="Number">12</Data></Cell>
			<Cell><Data ss:Type="String">shosh</Data></Cell>
			<Cell><Data ss:Type="String">barosh</Data></Cell>
			<Cell><Data ss:Type="String">rehov habrosh</Data></Cell>
			<Cell><Data ss:Type="String">056-4438009</Data></Cell>
			<Cell><Data ss:Type="String">03-2238765</Data></Cell>
			<Cell><Data ss:Type="String">2016-06-16</Data></Cell>
		</Row>	</Table>
</Worksheet>
</Workbook>
