<?xml version="1.0" encoding="UTF-8"?>
<?mso-application progid="Excel.Sheet"?>
<Workbook xmlns="urn:schemas-microsoft-com:office:spreadsheet"
xmlns:o="urn:schemas-microsoft-com:office:office"
xmlns:x="urn:schemas-microsoft-com:office:excel"
xmlns:ss="urn:schemas-microsoft-com:office:spreadsheet"
xmlns:html="http://www.w3.org/TR/REC-html40">
<Worksheet ss:Name="Table1">
	<Table>
		<Column ss:Index="4" ss:AutoFitWidth="0" ss:Width="110"/>
		<Row>
			<Cell><Data ss:Type="String">order_id</Data></Cell>
			<Cell><Data ss:Type="String">customer_id</Data></Cell>
			<Cell><Data ss:Type="String">book_id</Data></Cell>
			<Cell><Data ss:Type="String">order_date</Data></Cell>
			<Cell><Data ss:Type="String">book_exists</Data></Cell>
			<Cell><Data ss:Type="String">purchased</Data></Cell>
		</Row>

		<Row>
			<Cell><Data ss:Type="Number">1</Data></Cell>
			<Cell><Data ss:Type="Number">2</Data></Cell>
			<Cell><Data ss:Type="Number">2</Data></Cell>
			<Cell><Data ss:Type="String">2014-04-04</Data></Cell>
			<Cell><Data ss:Type="Number">1</Data></Cell>
			<Cell><Data ss:Type="Number">1</Data></Cell>
		</Row>
		<Row>
			<Cell><Data ss:Type="Number">2</Data></Cell>
			<Cell><Data ss:Type="Number">2</Data></Cell>
			<Cell><Data ss:Type="Number">3</Data></Cell>
			<Cell><Data ss:Type="String">2015-05-05</Data></Cell>
			<Cell><Data ss:Type="Number">1</Data></Cell>
			<Cell><Data ss:Type="Number">1</Data></Cell>
		</Row>
		<Row>
			<Cell><Data ss:Type="Number">3</Data></Cell>
			<Cell><Data ss:Type="Number">1</Data></Cell>
			<Cell><Data ss:Type="Number">7</Data></Cell>
			<Cell><Data ss:Type="String">2015-12-03</Data></Cell>
			<Cell><Data ss:Type="Number">1</Data></Cell>
			<Cell><Data ss:Type="Number">0</Data></Cell>
		</Row>
		<Row>
			<Cell><Data ss:Type="Number">4</Data></Cell>
			<Cell><Data ss:Type="Number">1</Data></Cell>
			<Cell><Data ss:Type="Number">6</Data></Cell>
			<Cell><Data ss:Type="String">2018-11-11</Data></Cell>
			<Cell><Data ss:Type="Number">1</Data></Cell>
			<Cell><Data ss:Type="Number">1</Data></Cell>
		</Row>
		<Row>
			<Cell><Data ss:Type="Number">5</Data></Cell>
			<Cell><Data ss:Type="Number">7</Data></Cell>
			<Cell><Data ss:Type="Number">1</Data></Cell>
			<Cell><Data ss:Type="String">2020-01-03</Data></Cell>
			<Cell><Data ss:Type="Number">1</Data></Cell>
			<Cell><Data ss:Type="Number">0</Data></Cell>
		</Row>
		<Row>
			<Cell><Data ss:Type="Number">6</Data></Cell>
			<Cell><Data ss:Type="Number">8</Data></Cell>
			<Cell><Data ss:Type="Number">3</Data></Cell>
			<Cell><Data ss:Type="String">2019-12-17</Data></Cell>
			<Cell><Data ss:Type="Number">0</Data></Cell>
			<Cell><Data ss:Type="Number">0</Data></Cell>
		</Row>
		<Row>
			<Cell><Data ss:Type="Number">7</Data></Cell>
			<Cell><Data ss:Type="Number">1</Data></Cell>
			<Cell><Data ss:Type="Number">10</Data></Cell>
			<Cell><Data ss:Type="String">2020-02-02</Data></Cell>
			<Cell><Data ss:Type="Number">1</Data></Cell>
			<Cell><Data ss:Type="Number">1</Data></Cell>
		</Row>
		<Row>
			<Cell><Data ss:Type="Number">8</Data></Cell>
			<Cell><Data ss:Type="Number">6</Data></Cell>
			<Cell><Data ss:Type="Number">8</Data></Cell>
			<Cell><Data ss:Type="String">2018-06-07</Data></Cell>
			<Cell><Data ss:Type="Number">0</Data></Cell>
			<Cell><Data ss:Type="Number">0</Data></Cell>
		</Row>
		<Row>
			<Cell><Data ss:Type="Number">9</Data></Cell>
			<Cell><Data ss:Type="Number">8</Data></Cell>
			<Cell><Data ss:Type="Number">8</Data></Cell>
			<Cell><Data ss:Type="String">2020-06-18</Data></Cell>
			<Cell><Data ss:Type="Number">1</Data></Cell>
			<Cell><Data ss:Type="Number">1</Data></Cell>
		</Row>
		<Row>
			<Cell><Data ss:Type="Number">10</Data></Cell>
			<Cell><Data ss:Type="Number">4</Data></Cell>
			<Cell><Data ss:Type="Number">5</Data></Cell>
			<Cell><Data ss:Type="String">2017-07-03</Data></Cell>
			<Cell><Data ss:Type="Number">1</Data></Cell>
			<Cell><Data ss:Type="Number">0</Data></Cell>
		</Row>	</Table>
</Worksheet>
</Workbook>
