<?xml version="1.0" encoding="UTF-8"?>
<?mso-application progid="Excel.Sheet"?>
<Workbook xmlns="urn:schemas-microsoft-com:office:spreadsheet"
xmlns:o="urn:schemas-microsoft-com:office:office"
xmlns:x="urn:schemas-microsoft-com:office:excel"
xmlns:ss="urn:schemas-microsoft-com:office:spreadsheet"
xmlns:html="http://www.w3.org/TR/REC-html40">
<Worksheet ss:Name="Table1">
	<Table>
		<Column ss:Index="2" ss:AutoFitWidth="0" ss:Width="110"/>
		<Row>
			<Cell><Data ss:Type="String">pay_method_id</Data></Cell>
			<Cell><Data ss:Type="String">pay_method_name</Data></Cell>
		</Row>

		<Row>
			<Cell><Data ss:Type="Number">1</Data></Cell>
			<Cell><Data ss:Type="String">cerdit card</Data></Cell>
		</Row>
		<Row>
			<Cell><Data ss:Type="Number">2</Data></Cell>
			<Cell><Data ss:Type="String">bit</Data></Cell>
		</Row>
		<Row>
			<Cell><Data ss:Type="Number">3</Data></Cell>
			<Cell><Data ss:Type="String">transfer</Data></Cell>
		</Row>	</Table>
</Worksheet>
</Workbook>
