<?xml version="1.0" encoding="UTF-8"?>
<?mso-application progid="Excel.Sheet"?>
<Workbook xmlns="urn:schemas-microsoft-com:office:spreadsheet"
xmlns:o="urn:schemas-microsoft-com:office:office"
xmlns:x="urn:schemas-microsoft-com:office:excel"
xmlns:ss="urn:schemas-microsoft-com:office:spreadsheet"
xmlns:html="http://www.w3.org/TR/REC-html40">
<Worksheet ss:Name="Table1">
	<Table>
		<Column ss:Index="6" ss:AutoFitWidth="0" ss:Width="110"/>
		<Row>
			<Cell><Data ss:Type="String">shipment_id</Data></Cell>
			<Cell><Data ss:Type="String">shipment_cost</Data></Cell>
			<Cell><Data ss:Type="String">shipment_by</Data></Cell>
			<Cell><Data ss:Type="String">tran_id</Data></Cell>
			<Cell><Data ss:Type="String">shipment_status</Data></Cell>
			<Cell><Data ss:Type="String">shipment_date</Data></Cell>
		</Row>

		<Row>
			<Cell><Data ss:Type="Number">1</Data></Cell>
			<Cell><Data ss:Type="Number">100</Data></Cell>
			<Cell><Data ss:Type="Number">1</Data></Cell>
			<Cell><Data ss:Type="Number">1</Data></Cell>
			<Cell><Data ss:Type="Number">4</Data></Cell>
			<Cell><Data ss:Type="String">2020-01-01</Data></Cell>
		</Row>
		<Row>
			<Cell><Data ss:Type="Number">2</Data></Cell>
			<Cell><Data ss:Type="Number">57</Data></Cell>
			<Cell><Data ss:Type="Number">2</Data></Cell>
			<Cell><Data ss:Type="Number">1</Data></Cell>
			<Cell><Data ss:Type="Number">4</Data></Cell>
			<Cell><Data ss:Type="String">2020-01-03</Data></Cell>
		</Row>
		<Row>
			<Cell><Data ss:Type="Number">3</Data></Cell>
			<Cell><Data ss:Type="Number">67</Data></Cell>
			<Cell><Data ss:Type="Number">1</Data></Cell>
			<Cell><Data ss:Type="Number">1</Data></Cell>
			<Cell><Data ss:Type="Number">4</Data></Cell>
			<Cell><Data ss:Type="String">2020-01-07</Data></Cell>
		</Row>
		<Row>
			<Cell><Data ss:Type="Number">4</Data></Cell>
			<Cell><Data ss:Type="Number">0</Data></Cell>
			<Cell><Data ss:Type="Number">6</Data></Cell>
			<Cell><Data ss:Type="Number">2</Data></Cell>
			<Cell><Data ss:Type="Number">4</Data></Cell>
			<Cell><Data ss:Type="String">2019-07-04</Data></Cell>
		</Row>
		<Row>
			<Cell><Data ss:Type="Number">5</Data></Cell>
			<Cell><Data ss:Type="Number">0</Data></Cell>
			<Cell><Data ss:Type="Number">6</Data></Cell>
			<Cell><Data ss:Type="Number">3</Data></Cell>
			<Cell><Data ss:Type="Number">4</Data></Cell>
			<Cell><Data ss:Type="String">2020-07-30</Data></Cell>
		</Row>
		<Row>
			<Cell><Data ss:Type="Number">6</Data></Cell>
			<Cell><Data ss:Type="Number">0</Data></Cell>
			<Cell><Data ss:Type="Number">6</Data></Cell>
			<Cell><Data ss:Type="Number">4</Data></Cell>
			<Cell><Data ss:Type="Number">4</Data></Cell>
			<Cell><Data ss:Type="String">2020-07-27</Data></Cell>
		</Row>
		<Row>
			<Cell><Data ss:Type="Number">7</Data></Cell>
			<Cell><Data ss:Type="Number">0</Data></Cell>
			<Cell><Data ss:Type="Number">6</Data></Cell>
			<Cell><Data ss:Type="Number">5</Data></Cell>
			<Cell><Data ss:Type="Number">4</Data></Cell>
			<Cell><Data ss:Type="String">2020-07-29</Data></Cell>
		</Row>
		<Row>
			<Cell><Data ss:Type="Number">8</Data></Cell>
			<Cell><Data ss:Type="Number">121</Data></Cell>
			<Cell><Data ss:Type="Number">2</Data></Cell>
			<Cell><Data ss:Type="Number">5</Data></Cell>
			<Cell><Data ss:Type="Number">2</Data></Cell>
			<Cell><Data ss:Type="String">2020-08-01</Data></Cell>
		</Row>
		<Row>
			<Cell><Data ss:Type="Number">9</Data></Cell>
			<Cell><Data ss:Type="Number">33</Data></Cell>
			<Cell><Data ss:Type="Number">4</Data></Cell>
			<Cell><Data ss:Type="Number">6</Data></Cell>
			<Cell><Data ss:Type="Number">4</Data></Cell>
			<Cell><Data ss:Type="String">2020-02-26</Data></Cell>
		</Row>
		<Row>
			<Cell><Data ss:Type="Number">10</Data></Cell>
			<Cell><Data ss:Type="Number">29</Data></Cell>
			<Cell><Data ss:Type="Number">3</Data></Cell>
			<Cell><Data ss:Type="Number">6</Data></Cell>
			<Cell><Data ss:Type="Number">4</Data></Cell>
			<Cell><Data ss:Type="String">2020-02-27</Data></Cell>
		</Row>
		<Row>
			<Cell><Data ss:Type="Number">11</Data></Cell>
			<Cell><Data ss:Type="Number">0</Data></Cell>
			<Cell><Data ss:Type="Number">5</Data></Cell>
			<Cell><Data ss:Type="Number">7</Data></Cell>
			<Cell><Data ss:Type="Number">4</Data></Cell>
			<Cell><Data ss:Type="String">2017-01-01</Data></Cell>
		</Row>
		<Row>
			<Cell><Data ss:Type="Number">12</Data></Cell>
			<Cell><Data ss:Type="Number">0</Data></Cell>
			<Cell><Data ss:Type="Number">6</Data></Cell>
			<Cell><Data ss:Type="Number">8</Data></Cell>
			<Cell><Data ss:Type="Number">4</Data></Cell>
			<Cell><Data ss:Type="String">2016-01-01</Data></Cell>
		</Row>
		<Row>
			<Cell><Data ss:Type="Number">13</Data></Cell>
			<Cell><Data ss:Type="Number">33</Data></Cell>
			<Cell><Data ss:Type="Number">2</Data></Cell>
			<Cell><Data ss:Type="Number">9</Data></Cell>
			<Cell><Data ss:Type="Number">4</Data></Cell>
			<Cell><Data ss:Type="String">2017-01-07</Data></Cell>
		</Row>
		<Row>
			<Cell><Data ss:Type="Number">14</Data></Cell>
			<Cell><Data ss:Type="Number">66</Data></Cell>
			<Cell><Data ss:Type="Number">4</Data></Cell>
			<Cell><Data ss:Type="Number">9</Data></Cell>
			<Cell><Data ss:Type="Number">4</Data></Cell>
			<Cell><Data ss:Type="String">2017-01-25</Data></Cell>
		</Row>
		<Row>
			<Cell><Data ss:Type="Number">15</Data></Cell>
			<Cell><Data ss:Type="Number">15</Data></Cell>
			<Cell><Data ss:Type="Number">1</Data></Cell>
			<Cell><Data ss:Type="Number">10</Data></Cell>
			<Cell><Data ss:Type="Number">4</Data></Cell>
			<Cell><Data ss:Type="String">2018-06-03</Data></Cell>
		</Row>	</Table>
</Worksheet>
</Workbook>
