<?xml version="1.0" encoding="UTF-8"?>
<?mso-application progid="Excel.Sheet"?>
<Workbook xmlns="urn:schemas-microsoft-com:office:spreadsheet"
xmlns:o="urn:schemas-microsoft-com:office:office"
xmlns:x="urn:schemas-microsoft-com:office:excel"
xmlns:ss="urn:schemas-microsoft-com:office:spreadsheet"
xmlns:html="http://www.w3.org/TR/REC-html40">
<Worksheet ss:Name="Table1">
	<Table>
		<Column ss:Index="2" ss:AutoFitWidth="0" ss:Width="110"/>
		<Column ss:Index="3" ss:AutoFitWidth="0" ss:Width="110"/>
		<Row>
			<Cell><Data ss:Type="String">shipment_by_id</Data></Cell>
			<Cell><Data ss:Type="String">shipper</Data></Cell>
			<Cell><Data ss:Type="String">ship_type</Data></Cell>
			<Cell><Data ss:Type="String">cost_per_kg</Data></Cell>
		</Row>

		<Row>
			<Cell><Data ss:Type="Number">1</Data></Cell>
			<Cell><Data ss:Type="String">Israel-Post</Data></Cell>
			<Cell><Data ss:Type="String">Registered_mail</Data></Cell>
			<Cell><Data ss:Type="Number">10</Data></Cell>
		</Row>
		<Row>
			<Cell><Data ss:Type="Number">2</Data></Cell>
			<Cell><Data ss:Type="String">Israel-Post</Data></Cell>
			<Cell><Data ss:Type="String">Courier-service</Data></Cell>
			<Cell><Data ss:Type="Number">17</Data></Cell>
		</Row>
		<Row>
			<Cell><Data ss:Type="Number">3</Data></Cell>
			<Cell><Data ss:Type="String">Israel-Post</Data></Cell>
			<Cell><Data ss:Type="String">Fast-Courier-Service</Data></Cell>
			<Cell><Data ss:Type="Number">36</Data></Cell>
		</Row>
		<Row>
			<Cell><Data ss:Type="Number">4</Data></Cell>
			<Cell><Data ss:Type="String">X-Press</Data></Cell>
			<Cell><Data ss:Type="String">Pick-Up</Data></Cell>
			<Cell><Data ss:Type="Number">8</Data></Cell>
		</Row>
		<Row>
			<Cell><Data ss:Type="Number">5</Data></Cell>
			<Cell><Data ss:Type="String">X-press</Data></Cell>
			<Cell><Data ss:Type="String">Home-Courier</Data></Cell>
			<Cell><Data ss:Type="Number">28</Data></Cell>
		</Row>
		<Row>
			<Cell><Data ss:Type="Number">6</Data></Cell>
			<Cell><Data ss:Type="String">Pick From Store</Data></Cell>
			<Cell><Data ss:Type="String">Pick From Store</Data></Cell>
			<Cell><Data ss:Type="Number">0</Data></Cell>
		</Row>	</Table>
</Worksheet>
</Workbook>
