<?xml version="1.0" encoding="UTF-8"?>
<?mso-application progid="Excel.Sheet"?>
<Workbook xmlns="urn:schemas-microsoft-com:office:spreadsheet"
xmlns:o="urn:schemas-microsoft-com:office:office"
xmlns:x="urn:schemas-microsoft-com:office:excel"
xmlns:ss="urn:schemas-microsoft-com:office:spreadsheet"
xmlns:html="http://www.w3.org/TR/REC-html40">
<Worksheet ss:Name="Table1">
	<Table>
		<Column ss:Index="2" ss:AutoFitWidth="0" ss:Width="110"/>
		<Row>
			<Cell><Data ss:Type="String">store_pur_id</Data></Cell>
			<Cell><Data ss:Type="String">store_pur_date</Data></Cell>
			<Cell><Data ss:Type="String">store_pur_val</Data></Cell>
			<Cell><Data ss:Type="String">book_id</Data></Cell>
			<Cell><Data ss:Type="String">purchase_from_id</Data></Cell>
		</Row>

		<Row>
			<Cell><Data ss:Type="Number">1</Data></Cell>
			<Cell><Data ss:Type="String">2010-01-01</Data></Cell>
			<Cell><Data ss:Type="Number">182</Data></Cell>
			<Cell><Data ss:Type="Number">1</Data></Cell>
			<Cell><Data ss:Type="Number">1</Data></Cell>
		</Row>
		<Row>
			<Cell><Data ss:Type="Number">2</Data></Cell>
			<Cell><Data ss:Type="String">2011-09-20</Data></Cell>
			<Cell><Data ss:Type="Number">120</Data></Cell>
			<Cell><Data ss:Type="Number">1</Data></Cell>
			<Cell><Data ss:Type="Number">1</Data></Cell>
		</Row>
		<Row>
			<Cell><Data ss:Type="Number">3</Data></Cell>
			<Cell><Data ss:Type="String">2015-04-01</Data></Cell>
			<Cell><Data ss:Type="Number">140</Data></Cell>
			<Cell><Data ss:Type="Number">3</Data></Cell>
			<Cell><Data ss:Type="Number">3</Data></Cell>
		</Row>
		<Row>
			<Cell><Data ss:Type="Number">4</Data></Cell>
			<Cell><Data ss:Type="String">2017-01-02</Data></Cell>
			<Cell><Data ss:Type="Number">200</Data></Cell>
			<Cell><Data ss:Type="Number">4</Data></Cell>
			<Cell><Data ss:Type="Number">1</Data></Cell>
		</Row>
		<Row>
			<Cell><Data ss:Type="Number">5</Data></Cell>
			<Cell><Data ss:Type="String">2017-01-15</Data></Cell>
			<Cell><Data ss:Type="Number">444</Data></Cell>
			<Cell><Data ss:Type="Number">2</Data></Cell>
			<Cell><Data ss:Type="Number">2</Data></Cell>
		</Row>
		<Row>
			<Cell><Data ss:Type="Number">6</Data></Cell>
			<Cell><Data ss:Type="String">2017-02-02</Data></Cell>
			<Cell><Data ss:Type="Number">222</Data></Cell>
			<Cell><Data ss:Type="Number">7</Data></Cell>
			<Cell><Data ss:Type="Number">2</Data></Cell>
		</Row>
		<Row>
			<Cell><Data ss:Type="Number">7</Data></Cell>
			<Cell><Data ss:Type="String">2018-05-01</Data></Cell>
			<Cell><Data ss:Type="Number">222</Data></Cell>
			<Cell><Data ss:Type="Number">4</Data></Cell>
			<Cell><Data ss:Type="Number">1</Data></Cell>
		</Row>
		<Row>
			<Cell><Data ss:Type="Number">8</Data></Cell>
			<Cell><Data ss:Type="String">2018-05-30</Data></Cell>
			<Cell><Data ss:Type="Number">458</Data></Cell>
			<Cell><Data ss:Type="Number">6</Data></Cell>
			<Cell><Data ss:Type="Number">1</Data></Cell>
		</Row>
		<Row>
			<Cell><Data ss:Type="Number">9</Data></Cell>
			<Cell><Data ss:Type="String">2018-05-12</Data></Cell>
			<Cell><Data ss:Type="Number">129</Data></Cell>
			<Cell><Data ss:Type="Number">2</Data></Cell>
			<Cell><Data ss:Type="Number">1</Data></Cell>
		</Row>
		<Row>
			<Cell><Data ss:Type="Number">10</Data></Cell>
			<Cell><Data ss:Type="String">2019-02-08</Data></Cell>
			<Cell><Data ss:Type="Number">100</Data></Cell>
			<Cell><Data ss:Type="Number">8</Data></Cell>
			<Cell><Data ss:Type="Number">1</Data></Cell>
		</Row>
		<Row>
			<Cell><Data ss:Type="Number">11</Data></Cell>
			<Cell><Data ss:Type="String">2020-05-01</Data></Cell>
			<Cell><Data ss:Type="Number">483</Data></Cell>
			<Cell><Data ss:Type="Number">2</Data></Cell>
			<Cell><Data ss:Type="Number">3</Data></Cell>
		</Row>
		<Row>
			<Cell><Data ss:Type="Number">12</Data></Cell>
			<Cell><Data ss:Type="String">2020-06-01</Data></Cell>
			<Cell><Data ss:Type="Number">60</Data></Cell>
			<Cell><Data ss:Type="Number">5</Data></Cell>
			<Cell><Data ss:Type="Number">3</Data></Cell>
		</Row>
		<Row>
			<Cell><Data ss:Type="Number">13</Data></Cell>
			<Cell><Data ss:Type="String">2020-07-01</Data></Cell>
			<Cell><Data ss:Type="Number">80</Data></Cell>
			<Cell><Data ss:Type="Number">4</Data></Cell>
			<Cell><Data ss:Type="Number">1</Data></Cell>
		</Row>	</Table>
</Worksheet>
</Workbook>
