<?xml version="1.0" encoding="UTF-8"?>
<?mso-application progid="Excel.Sheet"?>
<Workbook xmlns="urn:schemas-microsoft-com:office:spreadsheet"
xmlns:o="urn:schemas-microsoft-com:office:office"
xmlns:x="urn:schemas-microsoft-com:office:excel"
xmlns:ss="urn:schemas-microsoft-com:office:spreadsheet"
xmlns:html="http://www.w3.org/TR/REC-html40">
<Worksheet ss:Name="Table1">
	<Table>
		<Column ss:Index="3" ss:AutoFitWidth="0" ss:Width="110"/>
		<Row>
			<Cell><Data ss:Type="String">tran_id</Data></Cell>
			<Cell><Data ss:Type="String">worker_id</Data></Cell>
			<Cell><Data ss:Type="String">tran_date</Data></Cell>
			<Cell><Data ss:Type="String">tran_val</Data></Cell>
			<Cell><Data ss:Type="String">pay_method_id</Data></Cell>
			<Cell><Data ss:Type="String">customer_id</Data></Cell>
		</Row>

		<Row>
			<Cell><Data ss:Type="Number">1</Data></Cell>
			<Cell><Data ss:Type="Number">1</Data></Cell>
			<Cell><Data ss:Type="String">2020-01-01</Data></Cell>
			<Cell><Data ss:Type="Number">200</Data></Cell>
			<Cell><Data ss:Type="Number">1</Data></Cell>
			<Cell><Data ss:Type="Number">1</Data></Cell>
		</Row>
		<Row>
			<Cell><Data ss:Type="Number">2</Data></Cell>
			<Cell><Data ss:Type="Number">1</Data></Cell>
			<Cell><Data ss:Type="String">2019-07-04</Data></Cell>
			<Cell><Data ss:Type="Number">293</Data></Cell>
			<Cell><Data ss:Type="Number">1</Data></Cell>
			<Cell><Data ss:Type="Number">3</Data></Cell>
		</Row>
		<Row>
			<Cell><Data ss:Type="Number">3</Data></Cell>
			<Cell><Data ss:Type="Number">1</Data></Cell>
			<Cell><Data ss:Type="String">2020-07-30</Data></Cell>
			<Cell><Data ss:Type="Number">197</Data></Cell>
			<Cell><Data ss:Type="Number">2</Data></Cell>
			<Cell><Data ss:Type="Number">1</Data></Cell>
		</Row>
		<Row>
			<Cell><Data ss:Type="Number">4</Data></Cell>
			<Cell><Data ss:Type="Number">1</Data></Cell>
			<Cell><Data ss:Type="String">2020-07-27</Data></Cell>
			<Cell><Data ss:Type="Number">400</Data></Cell>
			<Cell><Data ss:Type="Number">3</Data></Cell>
			<Cell><Data ss:Type="Number">5</Data></Cell>
		</Row>
		<Row>
			<Cell><Data ss:Type="Number">5</Data></Cell>
			<Cell><Data ss:Type="Number">2</Data></Cell>
			<Cell><Data ss:Type="String">2020-07-29</Data></Cell>
			<Cell><Data ss:Type="Number">431</Data></Cell>
			<Cell><Data ss:Type="Number">3</Data></Cell>
			<Cell><Data ss:Type="Number">4</Data></Cell>
		</Row>
		<Row>
			<Cell><Data ss:Type="Number">6</Data></Cell>
			<Cell><Data ss:Type="Number">1</Data></Cell>
			<Cell><Data ss:Type="String">2020-02-23</Data></Cell>
			<Cell><Data ss:Type="Number">150</Data></Cell>
			<Cell><Data ss:Type="Number">1</Data></Cell>
			<Cell><Data ss:Type="Number">1</Data></Cell>
		</Row>
		<Row>
			<Cell><Data ss:Type="Number">7</Data></Cell>
			<Cell><Data ss:Type="Number">3</Data></Cell>
			<Cell><Data ss:Type="String">2017-01-01</Data></Cell>
			<Cell><Data ss:Type="Number">700</Data></Cell>
			<Cell><Data ss:Type="Number">3</Data></Cell>
			<Cell><Data ss:Type="Number">7</Data></Cell>
		</Row>
		<Row>
			<Cell><Data ss:Type="Number">8</Data></Cell>
			<Cell><Data ss:Type="Number">3</Data></Cell>
			<Cell><Data ss:Type="String">2016-01-01</Data></Cell>
			<Cell><Data ss:Type="Number">500</Data></Cell>
			<Cell><Data ss:Type="Number">1</Data></Cell>
			<Cell><Data ss:Type="Number">3</Data></Cell>
		</Row>
		<Row>
			<Cell><Data ss:Type="Number">9</Data></Cell>
			<Cell><Data ss:Type="Number">1</Data></Cell>
			<Cell><Data ss:Type="String">2018-05-08</Data></Cell>
			<Cell><Data ss:Type="Number">212</Data></Cell>
			<Cell><Data ss:Type="Number">2</Data></Cell>
			<Cell><Data ss:Type="Number">6</Data></Cell>
		</Row>
		<Row>
			<Cell><Data ss:Type="Number">10</Data></Cell>
			<Cell><Data ss:Type="Number">1</Data></Cell>
			<Cell><Data ss:Type="String">2018-05-09</Data></Cell>
			<Cell><Data ss:Type="Number">721</Data></Cell>
			<Cell><Data ss:Type="Number">2</Data></Cell>
			<Cell><Data ss:Type="Number">4</Data></Cell>
		</Row>
		<Row>
			<Cell><Data ss:Type="Number">11</Data></Cell>
			<Cell><Data ss:Type="Number">1</Data></Cell>
			<Cell><Data ss:Type="String">2018-03-03</Data></Cell>
			<Cell><Data ss:Type="Number">333</Data></Cell>
			<Cell><Data ss:Type="Number">2</Data></Cell>
			<Cell><Data ss:Type="Number">1</Data></Cell>
		</Row>
		<Row>
			<Cell><Data ss:Type="Number">12</Data></Cell>
			<Cell><Data ss:Type="Number">1</Data></Cell>
			<Cell><Data ss:Type="String">2018-09-09</Data></Cell>
			<Cell><Data ss:Type="Number">999</Data></Cell>
			<Cell><Data ss:Type="Number">2</Data></Cell>
			<Cell><Data ss:Type="Number">6</Data></Cell>
		</Row>
		<Row>
			<Cell><Data ss:Type="Number">13</Data></Cell>
			<Cell><Data ss:Type="Number">1</Data></Cell>
			<Cell><Data ss:Type="String">2018-09-02</Data></Cell>
			<Cell><Data ss:Type="Number">1003</Data></Cell>
			<Cell><Data ss:Type="Number">2</Data></Cell>
			<Cell><Data ss:Type="Number">2</Data></Cell>
		</Row>
		<Row>
			<Cell><Data ss:Type="Number">14</Data></Cell>
			<Cell><Data ss:Type="Number">2</Data></Cell>
			<Cell><Data ss:Type="String">2020-07-11</Data></Cell>
			<Cell><Data ss:Type="Number">222</Data></Cell>
			<Cell><Data ss:Type="Number">3</Data></Cell>
			<Cell><Data ss:Type="Number">4</Data></Cell>
		</Row>
		<Row>
			<Cell><Data ss:Type="Number">15</Data></Cell>
			<Cell><Data ss:Type="Number">2</Data></Cell>
			<Cell><Data ss:Type="String">2020-07-13</Data></Cell>
			<Cell><Data ss:Type="Number">549</Data></Cell>
			<Cell><Data ss:Type="Number">1</Data></Cell>
			<Cell><Data ss:Type="Number">5</Data></Cell>
		</Row>
		<Row>
			<Cell><Data ss:Type="Number">16</Data></Cell>
			<Cell><Data ss:Type="Number">3</Data></Cell>
			<Cell><Data ss:Type="String">2020-07-19</Data></Cell>
			<Cell><Data ss:Type="Number">101</Data></Cell>
			<Cell><Data ss:Type="Number">1</Data></Cell>
			<Cell><Data ss:Type="Number">1</Data></Cell>
		</Row>
		<Row>
			<Cell><Data ss:Type="Number">17</Data></Cell>
			<Cell><Data ss:Type="Number">2</Data></Cell>
			<Cell><Data ss:Type="String">2020-07-03</Data></Cell>
			<Cell><Data ss:Type="Number">390</Data></Cell>
			<Cell><Data ss:Type="Number">2</Data></Cell>
			<Cell><Data ss:Type="Number">7</Data></Cell>
		</Row>	</Table>
</Worksheet>
</Workbook>
