<?xml version="1.0" encoding="UTF-8"?>
<?mso-application progid="Excel.Sheet"?>
<Workbook xmlns="urn:schemas-microsoft-com:office:spreadsheet"
xmlns:o="urn:schemas-microsoft-com:office:office"
xmlns:x="urn:schemas-microsoft-com:office:excel"
xmlns:ss="urn:schemas-microsoft-com:office:spreadsheet"
xmlns:html="http://www.w3.org/TR/REC-html40">
<Worksheet ss:Name="Table1">
	<Table>
		<Column ss:Index="2" ss:AutoFitWidth="0" ss:Width="110"/>
		<Column ss:Index="3" ss:AutoFitWidth="0" ss:Width="110"/>
		<Column ss:Index="4" ss:AutoFitWidth="0" ss:Width="110"/>
		<Column ss:Index="5" ss:AutoFitWidth="0" ss:Width="110"/>
		<Row>
			<Cell><Data ss:Type="String">worker_id</Data></Cell>
			<Cell><Data ss:Type="String">first_name</Data></Cell>
			<Cell><Data ss:Type="String">last_name</Data></Cell>
			<Cell><Data ss:Type="String">adress</Data></Cell>
			<Cell><Data ss:Type="String">cell_phone</Data></Cell>
		</Row>

		<Row>
			<Cell><Data ss:Type="Number">1</Data></Cell>
			<Cell><Data ss:Type="String">avi</Data></Cell>
			<Cell><Data ss:Type="String">moshe</Data></Cell>
			<Cell><Data ss:Type="String">herzel 3</Data></Cell>
			<Cell><Data ss:Type="String">053-3333333</Data></Cell>
		</Row>
		<Row>
			<Cell><Data ss:Type="Number">2</Data></Cell>
			<Cell><Data ss:Type="String">david</Data></Cell>
			<Cell><Data ss:Type="String">levi</Data></Cell>
			<Cell><Data ss:Type="String">zabutinski 5</Data></Cell>
			<Cell><Data ss:Type="String">055-5555555</Data></Cell>
		</Row>
		<Row>
			<Cell><Data ss:Type="Number">3</Data></Cell>
			<Cell><Data ss:Type="String">shimon</Data></Cell>
			<Cell><Data ss:Type="String">gershon</Data></Cell>
			<Cell><Data ss:Type="String">rotshild 7</Data></Cell>
			<Cell><Data ss:Type="String">054-4447777</Data></Cell>
		</Row>
		<Row>
			<Cell><Data ss:Type="Number">4</Data></Cell>
			<Cell><Data ss:Type="String">shalom</Data></Cell>
			<Cell><Data ss:Type="String">byebye</Data></Cell>
			<Cell><Data ss:Type="String">lishanski 10</Data></Cell>
			<Cell><Data ss:Type="String">052-33445267</Data></Cell>
		</Row>
		<Row>
			<Cell><Data ss:Type="Number">5</Data></Cell>
			<Cell><Data ss:Type="String">nisim</Data></Cell>
			<Cell><Data ss:Type="String">cohen</Data></Cell>
			<Cell><Data ss:Type="String">alon 20</Data></Cell>
			<Cell><Data ss:Type="String">054-3454444</Data></Cell>
		</Row>
		<Row>
			<Cell><Data ss:Type="Number">6</Data></Cell>
			<Cell><Data ss:Type="String">dani</Data></Cell>
			<Cell><Data ss:Type="String">dan</Data></Cell>
			<Cell><Data ss:Type="String">dandan 33 neve dan</Data></Cell>
			<Cell><Data ss:Type="String">058-1122334</Data></Cell>
		</Row>
		<Row>
			<Cell><Data ss:Type="Number">7</Data></Cell>
			<Cell><Data ss:Type="String">hila</Data></Cell>
			<Cell><Data ss:Type="String">hason</Data></Cell>
			<Cell><Data ss:Type="String">ramat hagolan</Data></Cell>
			<Cell><Data ss:Type="String">054-4444332</Data></Cell>
		</Row>
		<Row>
			<Cell><Data ss:Type="Number">8</Data></Cell>
			<Cell><Data ss:Type="String">leonid</Data></Cell>
			<Cell><Data ss:Type="String">borovich</Data></Cell>
			<Cell><Data ss:Type="String">herzl 33 netania</Data></Cell>
			<Cell><Data ss:Type="String">052-8927343</Data></Cell>
		</Row>
		<Row>
			<Cell><Data ss:Type="Number">9</Data></Cell>
			<Cell><Data ss:Type="String">yaakov</Data></Cell>
			<Cell><Data ss:Type="String">levi</Data></Cell>
			<Cell><Data ss:Type="String">maale michmash</Data></Cell>
			<Cell><Data ss:Type="String">054-4322548</Data></Cell>
		</Row>
		<Row>
			<Cell><Data ss:Type="Number">10</Data></Cell>
			<Cell><Data ss:Type="String">reut</Data></Cell>
			<Cell><Data ss:Type="String">benizry</Data></Cell>
			<Cell><Data ss:Type="String">yerushalayim</Data></Cell>
			<Cell><Data ss:Type="String">056-9027834</Data></Cell>
		</Row>	</Table>
</Worksheet>
</Workbook>
