<?xml version="1.0" encoding="UTF-8"?>
<?mso-application progid="Excel.Sheet"?>
<Workbook xmlns="urn:schemas-microsoft-com:office:spreadsheet"
xmlns:o="urn:schemas-microsoft-com:office:office"
xmlns:x="urn:schemas-microsoft-com:office:excel"
xmlns:ss="urn:schemas-microsoft-com:office:spreadsheet"
xmlns:html="http://www.w3.org/TR/REC-html40">
<Worksheet ss:Name="Table1">
	<Table>
		<Row>
			<Cell><Data ss:Type="String">worker_id</Data></Cell>
			<Cell><Data ss:Type="String">year_val</Data></Cell>
			<Cell><Data ss:Type="String">month_val</Data></Cell>
			<Cell><Data ss:Type="String">salary</Data></Cell>
			<Cell><Data ss:Type="String">hours</Data></Cell>
			<Cell><Data ss:Type="String">trans_count</Data></Cell>
		</Row>

		<Row>
			<Cell><Data ss:Type="Number">1</Data></Cell>
			<Cell><Data ss:Type="Number">2019</Data></Cell>
			<Cell><Data ss:Type="Number">3</Data></Cell>
			<Cell><Data ss:Type="Number">2000</Data></Cell>
			<Cell><Data ss:Type="Number">50</Data></Cell>
			<Cell><Data ss:Type="Number">20</Data></Cell>
		</Row>
		<Row>
			<Cell><Data ss:Type="Number">1</Data></Cell>
			<Cell><Data ss:Type="Number">2019</Data></Cell>
			<Cell><Data ss:Type="Number">4</Data></Cell>
			<Cell><Data ss:Type="Number">2500</Data></Cell>
			<Cell><Data ss:Type="Number">60</Data></Cell>
			<Cell><Data ss:Type="Number">33</Data></Cell>
		</Row>
		<Row>
			<Cell><Data ss:Type="Number">1</Data></Cell>
			<Cell><Data ss:Type="Number">2019</Data></Cell>
			<Cell><Data ss:Type="Number">5</Data></Cell>
			<Cell><Data ss:Type="Number">2100</Data></Cell>
			<Cell><Data ss:Type="Number">55</Data></Cell>
			<Cell><Data ss:Type="Number">40</Data></Cell>
		</Row>
		<Row>
			<Cell><Data ss:Type="Number">2</Data></Cell>
			<Cell><Data ss:Type="Number">2019</Data></Cell>
			<Cell><Data ss:Type="Number">3</Data></Cell>
			<Cell><Data ss:Type="Number">7430</Data></Cell>
			<Cell><Data ss:Type="Number">130</Data></Cell>
			<Cell><Data ss:Type="Number">50</Data></Cell>
		</Row>
		<Row>
			<Cell><Data ss:Type="Number">2</Data></Cell>
			<Cell><Data ss:Type="Number">2019</Data></Cell>
			<Cell><Data ss:Type="Number">4</Data></Cell>
			<Cell><Data ss:Type="Number">4980</Data></Cell>
			<Cell><Data ss:Type="Number">70</Data></Cell>
			<Cell><Data ss:Type="Number">66</Data></Cell>
		</Row>
		<Row>
			<Cell><Data ss:Type="Number">2</Data></Cell>
			<Cell><Data ss:Type="Number">2019</Data></Cell>
			<Cell><Data ss:Type="Number">5</Data></Cell>
			<Cell><Data ss:Type="Number">6000</Data></Cell>
			<Cell><Data ss:Type="Number">146</Data></Cell>
			<Cell><Data ss:Type="Number">15</Data></Cell>
		</Row>
		<Row>
			<Cell><Data ss:Type="Number">2</Data></Cell>
			<Cell><Data ss:Type="Number">2019</Data></Cell>
			<Cell><Data ss:Type="Number">6</Data></Cell>
			<Cell><Data ss:Type="Number">2700</Data></Cell>
			<Cell><Data ss:Type="Number">80</Data></Cell>
			<Cell><Data ss:Type="Number">70</Data></Cell>
		</Row>
		<Row>
			<Cell><Data ss:Type="Number">3</Data></Cell>
			<Cell><Data ss:Type="Number">2018</Data></Cell>
			<Cell><Data ss:Type="Number">4</Data></Cell>
			<Cell><Data ss:Type="Number">5000</Data></Cell>
			<Cell><Data ss:Type="Number">120</Data></Cell>
			<Cell><Data ss:Type="Number">80</Data></Cell>
		</Row>
		<Row>
			<Cell><Data ss:Type="Number">4</Data></Cell>
			<Cell><Data ss:Type="Number">2017</Data></Cell>
			<Cell><Data ss:Type="Number">2</Data></Cell>
			<Cell><Data ss:Type="Number">3700</Data></Cell>
			<Cell><Data ss:Type="Number">100</Data></Cell>
			<Cell><Data ss:Type="Number">60</Data></Cell>
		</Row>
		<Row>
			<Cell><Data ss:Type="Number">5</Data></Cell>
			<Cell><Data ss:Type="Number">2016</Data></Cell>
			<Cell><Data ss:Type="Number">4</Data></Cell>
			<Cell><Data ss:Type="Number">5000</Data></Cell>
			<Cell><Data ss:Type="Number">140</Data></Cell>
			<Cell><Data ss:Type="Number">90</Data></Cell>
		</Row>
		<Row>
			<Cell><Data ss:Type="Number">5</Data></Cell>
			<Cell><Data ss:Type="Number">2016</Data></Cell>
			<Cell><Data ss:Type="Number">5</Data></Cell>
			<Cell><Data ss:Type="Number">5000</Data></Cell>
			<Cell><Data ss:Type="Number">140</Data></Cell>
			<Cell><Data ss:Type="Number">20</Data></Cell>
		</Row>
		<Row>
			<Cell><Data ss:Type="Number">5</Data></Cell>
			<Cell><Data ss:Type="Number">2016</Data></Cell>
			<Cell><Data ss:Type="Number">6</Data></Cell>
			<Cell><Data ss:Type="Number">5000</Data></Cell>
			<Cell><Data ss:Type="Number">140</Data></Cell>
			<Cell><Data ss:Type="Number">70</Data></Cell>
		</Row>
		<Row>
			<Cell><Data ss:Type="Number">6</Data></Cell>
			<Cell><Data ss:Type="Number">2019</Data></Cell>
			<Cell><Data ss:Type="Number">3</Data></Cell>
			<Cell><Data ss:Type="Number">5500</Data></Cell>
			<Cell><Data ss:Type="Number">150</Data></Cell>
			<Cell><Data ss:Type="Number">100</Data></Cell>
		</Row>
		<Row>
			<Cell><Data ss:Type="Number">7</Data></Cell>
			<Cell><Data ss:Type="Number">2020</Data></Cell>
			<Cell><Data ss:Type="Number">7</Data></Cell>
			<Cell><Data ss:Type="Number">6200</Data></Cell>
			<Cell><Data ss:Type="Number">180</Data></Cell>
			<Cell><Data ss:Type="Number">120</Data></Cell>
		</Row>
		<Row>
			<Cell><Data ss:Type="Number">8</Data></Cell>
			<Cell><Data ss:Type="Number">2015</Data></Cell>
			<Cell><Data ss:Type="Number">9</Data></Cell>
			<Cell><Data ss:Type="Number">3800</Data></Cell>
			<Cell><Data ss:Type="Number">130</Data></Cell>
			<Cell><Data ss:Type="Number">65</Data></Cell>
		</Row>
		<Row>
			<Cell><Data ss:Type="Number">9</Data></Cell>
			<Cell><Data ss:Type="Number">2010</Data></Cell>
			<Cell><Data ss:Type="Number">10</Data></Cell>
			<Cell><Data ss:Type="Number">4600</Data></Cell>
			<Cell><Data ss:Type="Number">150</Data></Cell>
			<Cell><Data ss:Type="Number">120</Data></Cell>
		</Row>
		<Row>
			<Cell><Data ss:Type="Number">10</Data></Cell>
			<Cell><Data ss:Type="Number">2005</Data></Cell>
			<Cell><Data ss:Type="Number">11</Data></Cell>
			<Cell><Data ss:Type="Number">1500</Data></Cell>
			<Cell><Data ss:Type="Number">40</Data></Cell>
			<Cell><Data ss:Type="Number">30</Data></Cell>
		</Row>	</Table>
</Worksheet>
</Workbook>
